TARGET_CLASS,configuration_id,criterion,ctg_min_time_per_job,ctg_schedule,search_budget,p_object_pool,ctg_time_per_class,Size,Length,Statements_Executed,Total_Time,Random_Seed,Explicit_MethodExceptions,Explicit_TypeExceptions,Implicit_MethodExceptions,Implicit_TypeExceptions,LineCoverage,StatementCoverage,BranchCoverage,OnlyBranchCoverage,CBranchCoverage,IBranchCoverage,ExceptionCoverage,WeakMutationScore,OnlyMutationScore,MutationScore,OutputCoverage,InputCoverage,MethodCoverage,MethodTraceCoverage,MethodNoExceptionCoverage,LineCoverageBitString,StatementCoverageBitString,BranchCoverageBitString,OnlyBranchCoverageBitString,CBranchCoverageBitString,IBranchCoverageBitString,ExceptionCoverageBitString,WeakMutationCoverageBitString,OnlyMutationCoverageBitString,MutationCoverageBitString,OutputCoverageBitString,InputCoverageBitString,MethodCoverageBitString,MethodTraceCoverageBitString,MethodNoExceptionCoverageBitString
edu.osu.cs362.Appt,default,LINE;BRANCH;EXCEPTION;WEAKMUTATION;OUTPUT;METHOD;METHODNOEXCEPTION;CBRANCH,1,BUDGET,67,0.3,2,33,65,194610,96674,1494489002189,0,0,0,0,1.0,1.0,1.0,1.0,1.0,0.5447761194029851,1.0,0.9946524064171123,0.9946524064171123,0.7754010695187166,0.9130434782608695,0.0,1.0,1.0,1.0,111111111111111111111111111111111111111111111111111111111111,1111111111111111111111111111111111111111111111111111111111111111111111111111111111111111111111111111111111111111111111111111111111111111111111111111111111111111111111111111111111111111111111111111111111111111111111111111111111,111111111111111111111111111111111111111111,1111111111111111111111111111,111111111111111111111111111111111111111111,11111111111111111111110101000101011010011010110000001111100000001101100010011000001000010111000000111100001100000000001111111111111111,,1111111111111111111111111111111111111111111111111111111111111111111111111111111111111111111111111111111111111111111111111111111111111111111111111111111111111111111111110111111111111111111,1111111111111111111111111111111111111111111111111111111111111111111111111111111111111111111111111111111111111111111111111111111111111111111111111111111111111111111111110111111111111111111,1111111111111111111111111111111111111100010000111000011100010100111001011111111001110010111010111011110111111111111111111111111111111111111101111111111101111110011011110111111111111111111,10111111111111111101111,00000000000000000000000000000000000000,11111111111111111,111111111111111111,11111111111111111
